<?xml version="1.0" encoding="UTF-8"?>
<addon id="pvr.puzzle.tv" version="0.9.103" name="PVR Puzzle TV" provider-name="srg70">
    <requires>
<import addon="kodi.binary.global.main" version="1.0.14"/>
<import addon="kodi.binary.global.gui" version="5.12.0"/>
<import addon="kodi.binary.global.filesystem" version="1.0.2"/>
<import addon="kodi.binary.instance.pvr" version="5.10.3"/></requires>
  <extension
    point="xbmc.pvrclient"
    library_android="libpvr.puzzle.tv.so"/>
  <extension point="xbmc.addon.metadata">
    <summary lang="en_US">Kodi PVR addon for IPTV support. Designed to agregate IPTV servise from different providers.</summary>
    <summary lang="ru_RU">Kodi PVR аддон для поддержки IPTV. Позволяет интегрировать IPTV-услуги разных провайдеров</summary>
    <description lang="en_US">Puzzle TV PVR Client supports streaming of Live TV, listening to Radio channels and EPG from service providers using dedicated API. Addon designed to be extandable.</description>
    <description lang="ru_RU">Интерфейс для IPTV. Поддерживает просмотр потокового ТВ, прослушивание радиоканалов и работу с электронным телегидом от поствщиков услуг, используя специализированный интерфейс. Есть возможность расширения.</description>
    <disclaimer lang="en_US">This is unstable software! The authors are in no way responsible for failed playings, incorrect EPG times, wasted hours, or any other undesirable effects.</disclaimer>
    <disclaimer lang="ru_RU">Это нестабильная программа! Авторы не несут ответственности за неудачные воспроизведение, неверные время EPG, потраченное время и прочие нежелательные эффекты.</disclaimer>
     <platform>android-aarch64</platform>
     <forum>http://xbmc.ru/forum/showthread.php?t=14438</forum>
     <source>https://github.com/srg70/pvr.puzzle.tv</source>
     <license>GPL-2.0-or-later</license>
     <news>
         0.9.103
         - fix: support chunked XML tag content delivery in XMLTV parser

         0.9.101
         - feat: optimized performance and memory footprint of EPG subsystem
         - fix: rounding of EPG times

         0.9.100
         - fixed HLS archives playback

         0.9.99
         - common setting for manual correction of EPG time offse
         - speedup HLS stream startup and rewind

         0.9.98
         - use channel logo URL from EPG when it does not exist in playlist.
         - trash been replaced by api.acestream.me

         0.9.96
         - support playlists with unknown tags
         - fix rewind for all zabaza channels

         0.9.95
         - unlimited time interval of archive update
         - support Zabava proxy (slot playlist). No rewind.

         0.9.94
         - feat: support tvg-rec tag in Playlist and Edem slot.
         - feat: support value "shift" of global cachup-type tag

         0.9.93
         - fix: support uncompleted channel list from Trash.
         - fix: timezone offset detection for Windows.

         0.9.92
         - fix: startup delay (up to archive reloading timeout) on plugin restart
         - fix: "playlist" tab. Searching for EPG by tvg-id, than by channel name.

         0.9.91
         - cleanup download cache on reload EPG
         - support tgv-name XML TV tag for playlist tab

         0.9.90
         - Reduced non-debug log size
         - Faster restore of last played channel after wakeup signal

         0.9.89
         - RPC authentication
         - Fixed forward recording padding not working in some scenario

         0.9.87
         - Added option: forward recording padding
         - Fixed EPG not loaded issue (Shara TV)
         - Fixed multithreaded HLS downloading
         
         0.9.82
         - Live playback delay
         - Signal status visualization (raton of buffer filling)
         - Fixed cleanup condition of old chunks for memory cache

         0.9.81
         - Support for multicat URLs
         - Fixed crash on default Edem settings
         
         v0.9.78
         - Addon settings refactoring
         - OTTG credentials support

     </news>
  </extension>
</addon>
