<?xml version="1.0" encoding="UTF-8"?>
<addon id="pvr.puzzle.tv" version="0.9.85" name="PVR Puzzle TV" provider-name="srg70">
    <requires>
<import addon="kodi.binary.global.main" version="1.0.14"/>
<import addon="kodi.binary.global.gui" version="5.12.0"/>
<import addon="kodi.binary.global.filesystem" version="1.0.2"/>
<import addon="kodi.binary.instance.pvr" version="5.10.3"/></requires>
  <extension
    point="xbmc.pvrclient"
    library_osx="pvr.puzzle.tv.0.9.85.dylib"/>
  <extension point="xbmc.addon.metadata">
    <summary lang="en_US">Kodi PVR addon for IPTV support. Designed to agregate IPTV servise from different providers.</summary>
    <summary lang="ru_RU">Kodi PVR аддон для поддержки IPTV. Позволяет интегрировать IPTV-услуги разных провайдеров</summary>
    <description lang="en_US">Puzzle TV PVR Client supports streaming of Live TV, listening to Radio channels and EPG from service providers using dedicated API. Addon designed to be extandable.</description>
    <description lang="ru_RU">Интерфейс для IPTV. Поддерживает просмотр потокового ТВ, прослушивание радиоканалов и работу с электронным телегидом от поствщиков услуг, используя специализированный интерфейс. Есть возможность расширения.</description>
    <disclaimer lang="en_US">This is unstable software! The authors are in no way responsible for failed playings, incorrect EPG times, wasted hours, or any other undesirable effects.</disclaimer>
    <disclaimer lang="ru_RU">Это нестабильная программа! Авторы не несут ответственности за неудачные воспроизведение, неверные время EPG, потраченное время и прочие нежелательные эффекты.</disclaimer>
     <platform>osx-x86_64</platform>
     <forum>http://xbmc.ru/forum/showthread.php?t=14438</forum>
     <source>https://github.com/srg70/pvr.puzzle.tv</source>
     <license>GPL-2.0-or-later</license>
     <news>
         0.9.82
         - Live playback delay
         - Signal status visualization (raton of buffer filling)
         - Fixed cleanup condition of old chunks for memory cache

         0.9.81
         - Support for multicat URLs
         - Fixed crash on default Edem settings
         
         v0.9.78
         - Addon settings refactoring
         - OTTG credentials support

     </news>
  </extension>
</addon>
