<?xml version="1.0" encoding="UTF-8"?>
<addon id="pvr.puzzle.tv" version="0.9.19" name="PVR Puzzle TV" provider-name="srg70">
    <requires>
<import addon="kodi.binary.global.main" version="1.0.14"/>
<import addon="kodi.binary.global.gui" version="5.12.0"/>
<import addon="kodi.binary.global.filesystem" version="1.0.2"/>
<import addon="kodi.binary.instance.pvr" version="5.10.3"/></requires>
  <extension
    point="xbmc.pvrclient"
    library_android="libpvr.puzzle.tv.so"/>
  <extension point="xbmc.addon.metadata">
    <summary lang="en_US">Kodi PVR addon for IPTV support. Designed to agregate IPTV servise from different providers.</summary>
    <summary lang="ru_RU">Kodi PVR аддон для поддержки IPTV. Позволяет интегрировать IPTV-услуги разных провайдеров</summary>
    <description lang="en_US">Puzzle TV PVR Client supports streaming of Live TV, listening to Radio channels and EPG from service providers using dedicated API. Addon designed to be extandable.</description>
    <description lang="ru_RU">Интерфейс для IPTV. Поддерживает просмотр потокового ТВ, прослушивание радиоканалов и работу с электронным телегидом от поствщиков услуг, используя специализированный интерфейс. Есть возможность расширения.</description>
    <disclaimer lang="en_US">This is unstable software! The authors are in no way responsible for failed playings, incorrect EPG times, wasted hours, or any other undesirable effects.</disclaimer>
    <disclaimer lang="ru_RU">Это нестабильная программа! Авторы не несут ответственности за неудачные воспроизведение, неверные время EPG, потраченное время и прочие нежелательные эффекты.</disclaimer>
     <platform>android-armv7</platform>
  </extension>
</addon>
